<?xml version="1.0" encoding="UTF-8"?>
<beans xmlns="http://www.springframework.org/schema/beans"
	xmlns:xsi="http://www.w3.org/2001/XMLSchema-instance" xmlns:mvc="http://www.springframework.org/schema/mvc"
	xmlns:context="http://www.springframework.org/schema/context"
	xmlns:aop="http://www.springframework.org/schema/aop" xmlns:tx="http://www.springframework.org/schema/tx"
	xsi:schemaLocation="http://www.springframework.org/schema/beans 
                        http://www.springframework.org/schema/beans/spring-beans-4.0.xsd 
                        http://www.springframework.org/schema/mvc 
                        http://www.springframework.org/schema/mvc/spring-mvc-4.0.xsd 
                        http://www.springframework.org/schema/context 
                        http://www.springframework.org/schema/context/spring-context-4.0.xsd 
                        http://www.springframework.org/schema/aop 
                        http://www.springframework.org/schema/aop/spring-aop-4.0.xsd 
                        http://www.springframework.org/schema/tx 
                        http://www.springframework.org/schema/tx/spring-tx-4.0.xsd">
	<!-- 设置使用注解的类所在的jar包 -->
	<context:component-scan base-package="com.cn.controller" />

	<!--视图解释器 开始 -->
<!-- 	<bean id="viewResolver" -->
<!-- 		class="org.springframework.web.servlet.view.freemarker.FreeMarkerViewResolver"> -->
<!-- 		<property name="prefix" value="/views/freemarker/" /> -->
<!-- 		<property name="suffix" value=".html" /> -->
<!-- 		<property name="contentType" value="text/html;charset=UTF-8"></property> -->
<!-- 		<property name="order" value="0" /> -->
<!-- 	</bean> -->

	<bean id="viewResolver"
		class="org.springframework.web.servlet.view.InternalResourceViewResolver">
		<property name="prefix" value="/views/jsp/" />
		<property name="suffix" value=".jsp" />
	</bean>
	<!--视图解释器 结束 -->
	
	<mvc:resources location="/static/" mapping="/static/**" />
	
	<mvc:annotation-driven/>
</beans>